{"cameraMode":{"drawMode":0,"name":"Shaded","section":"Shading Mode"},"sceneLighting":true,"audioPlay":false,"sceneViewState":{"m_AlwaysRefresh":false,"showFog":false,"showSkybox":false,"showFlares":false,"showImageEffects":false,"showParticleSystems":false,"showVisualEffectGraphs":true,"m_FxEnabled":true},"in2DMode":false,"pivot":{"x":1208.7064208984375,"y":12.505298614501954,"z":-2395.741943359375},"rotation":{"x":0.007093300111591816,"y":-0.16365918517112733,"z":-0.0011769216507673264,"w":-0.9864912629127502},"size":6.133536338806152,"orthographic":false}