{"cameraMode":{"drawMode":0,"name":"Shaded","section":"Shading Mode"},"sceneLighting":true,"audioPlay":false,"sceneViewState":{"m_AlwaysRefresh":false,"showFog":false,"showSkybox":false,"showFlares":false,"showImageEffects":false,"showParticleSystems":false,"showVisualEffectGraphs":true,"m_FxEnabled":true},"in2DMode":false,"pivot":{"x":-0.7116708159446716,"y":-1.0535390377044678,"z":-5.509277820587158},"rotation":{"x":-0.0422440804541111,"y":0.05003143101930618,"z":-0.0021181590855121614,"w":-0.9978522062301636},"size":1.6438732147216797,"orthographic":false}