{"cameraMode":{"drawMode":0,"name":"Shaded","section":"Shading Mode"},"sceneLighting":true,"audioPlay":false,"sceneViewState":{"m_AlwaysRefresh":false,"showFog":false,"showSkybox":false,"showFlares":false,"showImageEffects":false,"showParticleSystems":false,"showVisualEffectGraphs":true,"m_FxEnabled":true},"in2DMode":false,"pivot":{"x":94.51412963867188,"y":56.59221649169922,"z":-147.9232940673828},"rotation":{"x":-0.013791930861771107,"y":0.050071485340595248,"z":-0.0006916056736372411,"w":-0.9986507296562195},"size":568.2643432617188,"orthographic":false}