{"cameraMode":{"drawMode":0,"name":"Shaded","section":"Shading Mode"},"sceneLighting":true,"audioPlay":false,"sceneViewState":{"m_AlwaysRefresh":false,"showFog":false,"showSkybox":false,"showFlares":false,"showImageEffects":false,"showParticleSystems":false,"showVisualEffectGraphs":true,"m_FxEnabled":true},"in2DMode":false,"pivot":{"x":49.53685760498047,"y":51.90340805053711,"z":-8.624183654785157},"rotation":{"x":-0.013791930861771107,"y":0.050071485340595248,"z":-0.0006916056736372411,"w":-0.9986507296562195},"size":5.817386150360107,"orthographic":false}